Workbook
Name Order: Sheet2!$B$1:$D$7
Name Orders: Sheet2!$A$1:$D$7
Name Products: Sheet1!$A$1:$C$7

Sheet Sheet1
A1: ProductID | B1: Product | C1: Price
A2: 101 | B2: Product A | C2: 120
A3: 102 | B3: Product B | C3: 150
A4: 103 | B4: Product C | C4: 200
A5: 104 | B5: Product D | C5: 90
A6: 105 | B6: Product E | C6: 220
A7: 106 | B7: Product F | C7: 130

Sheet Sheet2
A1: OrderID | B1: ProductID | C1: Quantity | D1: TotalPrice
A2: 1 | B2: 101 | C2: 2 | D2: =Sheet2!C2*Sheet1!C2 -> 240
A3: 2 | B3: 102 | C3: 1 | D3: =Sheet2!C3*Sheet1!C3 -> 150
A4: 3 | B4: 103 | C4: 4 | D4: =Sheet2!C4*Sheet1!C4 -> 800
A5: 4 | B5: 104 | C5: 3 | D5: =Sheet2!C5*Sheet1!C5 -> 270
A6: 5 | B6: 105 | C6: 5 | D6: =Sheet2!C6*Sheet1!C6 -> 1100
A7: 6 | B7: 106 | C7: 6 | D7: =Sheet2!C7*Sheet1!C7 -> 780

Sheet Sheet3
A1: ProductID | B1: Product | D1: ProductID | E1: Price | F1: Quantity | G1: Total Price | I1: ProductID | J1: OrderProductID | K1: Found match | M1: ProductID | N1: Original Price | O1: Discounted Price
A2: 101 | B2: =VLOOKUP(A2,Products,2,0) -> Product A | D2: 101 | E2: =VLOOKUP(D2,Products,3,0) -> 120 | F2: =VLOOKUP(D2,Order,2,0) -> 2 | G2: =E2*Sheet2!C2 -> 240 | I2: 101 | J2: 101 | K2: =ISNA(VLOOKUP(I2,Orders,1,0)) -> TRUE | M2: 101 | N2: =VLOOKUP(M2,Products,3,0) -> 120 | O2: =N2*10% -> 12
A3: 102 | B3: =VLOOKUP(A3,Products,2,0) -> Product B | D3: 102 | E3: =VLOOKUP(D3,Products,3,0) -> 150 | F3: =VLOOKUP(D3,Order,2,0) -> 1 | G3: =E3*Sheet2!C3 -> 150 | I3: 102 | J3: 102 | K3: =ISNA(VLOOKUP(I3,Orders,1,0)) -> TRUE | M3: 102 | N3: =VLOOKUP(M3,Products,3,0) -> 150 | O3: =N3*10% -> 15
A4: 103 | B4: =VLOOKUP(A4,Products,2,0) -> Product C | D4: 103 | E4: =VLOOKUP(D4,Products,3,0) -> 200 | F4: =VLOOKUP(D4,Order,2,0) -> 4 | G4: =E4*Sheet2!C4 -> 800 | I4: 103 | J4: 103 | K4: =ISNA(VLOOKUP(I4,Orders,1,0)) -> TRUE | M4: 103 | N4: =VLOOKUP(M4,Products,3,0) -> 200 | O4: =N4*10% -> 20
A5: 104 | B5: =VLOOKUP(A5,Products,2,0) -> Product D | D5: 104 | E5: =VLOOKUP(D5,Products,3,0) -> 90 | F5: =VLOOKUP(D5,Order,2,0) -> 3 | G5: =E5*Sheet2!C5 -> 270 | I5: 104 | J5: 104 | K5: =ISNA(VLOOKUP(I5,Orders,1,0)) -> TRUE | M5: 104 | N5: =VLOOKUP(M5,Products,3,0) -> 90 | O5: =N5*10% -> 9
A6: 105 | B6: =VLOOKUP(A6,Products,2,0) -> Product E | D6: 105 | E6: =VLOOKUP(D6,Products,3,0) -> 220 | F6: =VLOOKUP(D6,Order,2,0) -> 5 | G6: =E6*Sheet2!C6 -> 1100 | I6: 105 | J6: 105 | K6: =ISNA(VLOOKUP(I6,Orders,1,0)) -> TRUE | M6: 105 | N6: =VLOOKUP(M6,Products,3,0) -> 220 | O6: =N6*10% -> 22
A7: 106 | B7: =VLOOKUP(A7,Products,2,0) -> Product F | D7: 106 | E7: =VLOOKUP(D7,Products,3,0) -> 130 | F7: =VLOOKUP(D7,Order,2,0) -> 6 | G7: =E7*Sheet2!C7 -> 780 | I7: 106 | J7: 106 | K7: =ISNA(VLOOKUP(I7,Orders,1,0)) -> TRUE | M7: 106 | N7: =VLOOKUP(M7,Products,3,0) -> 130 | O7: =N7*10% -> 13
A10: ProductID | B10: Price | C10: Quantity | D10: Order value | F10: ProductID | G10: Product | H10: Ordered or not | J10: ProductID | K10: Product | L10: Quantity
A11: 101 | B11: =VLOOKUP(D2,Products,3,0) -> 120 | C11: =VLOOKUP(A11,Order,2,0) -> 2 | D11: =B11*C11 -> 240 | F11: 101 | G11: =VLOOKUP(F11,Products,2,0) -> Product A | H11: =IF(ISNA(VLOOKUP(F11,Order,1,0)),"Not Ordered","Ordered") -> Ordered | J11: 101 | K11: =VLOOKUP(J11,Products,2,0) -> Product A | L11: =VLOOKUP(J11,Order,2,0) -> 2
A12: 102 | B12: =VLOOKUP(D3,Products,3,0) -> 150 | C12: =VLOOKUP(A12,Order,2,0) -> 1 | D12: =B12*C12 -> 150 | F12: 102 | G12: =VLOOKUP(F12,Products,2,0) -> Product B | H12: =IF(ISNA(VLOOKUP(F12,Order,1,0)),"Not Ordered","Ordered") -> Ordered | J12: 102 | K12: =VLOOKUP(J12,Products,2,0) -> Product B | L12: =VLOOKUP(J12,Order,2,0) -> 1
A13: 103 | B13: =VLOOKUP(D4,Products,3,0) -> 200 | C13: =VLOOKUP(A13,Order,2,0) -> 4 | D13: =B13*C13 -> 800 | F13: 103 | G13: =VLOOKUP(F13,Products,2,0) -> Product C | H13: =IF(ISNA(VLOOKUP(F13,Order,1,0)),"Not Ordered","Ordered") -> Ordered | J13: 103 | K13: =VLOOKUP(J13,Products,2,0) -> Product C | L13: =VLOOKUP(J13,Order,2,0) -> 4
A14: 104 | B14: =VLOOKUP(D5,Products,3,0) -> 90 | C14: =VLOOKUP(A14,Order,2,0) -> 3 | D14: =B14*C14 -> 270 | F14: 104 | G14: =VLOOKUP(F14,Products,2,0) -> Product D | H14: =IF(ISNA(VLOOKUP(F14,Order,1,0)),"Not Ordered","Ordered") -> Ordered | J14: 104 | K14: =VLOOKUP(J14,Products,2,0) -> Product D | L14: =VLOOKUP(J14,Order,2,0) -> 3
A15: 105 | B15: =VLOOKUP(D6,Products,3,0) -> 220 | C15: =VLOOKUP(A15,Order,2,0) -> 5 | D15: =B15*C15 -> 1100 | F15: 105 | G15: =VLOOKUP(F15,Products,2,0) -> Product E | H15: =IF(ISNA(VLOOKUP(F15,Order,1,0)),"Not Ordered","Ordered") -> Ordered | J15: 105 | K15: =VLOOKUP(J15,Products,2,0) -> Product E | L15: =VLOOKUP(J15,Order,2,0) -> 5
A16: 106 | B16: =VLOOKUP(D7,Products,3,0) -> 130 | C16: =VLOOKUP(A16,Order,2,0) -> 6 | D16: =B16*C16 -> 780 | F16: 106 | G16: =VLOOKUP(F16,Products,2,0) -> Product F | H16: =IF(ISNA(VLOOKUP(F16,Order,1,0)),"Not Ordered","Ordered") -> Ordered | J16: 106 | K16: =VLOOKUP(J16,Products,2,0) -> Product F | L16: =VLOOKUP(J16,Order,2,0) -> 6
